{"cameraMode":{"drawMode":0,"name":"Shaded","section":"Shading Mode"},"sceneLighting":true,"audioPlay":false,"sceneViewState":{"showFog":true,"showMaterialUpdate":false,"showSkybox":true,"showFlares":true,"showImageEffects":true,"showParticleSystems":true},"in2DMode":false,"pivot":{"x":-3537.84765625,"y":-1641.357421875,"z":208.94668579101563},"rotation":{"x":-0.2637495696544647,"y":0.6316843032836914,"z":-0.24232859909534455,"w":-0.6875230669975281},"size":9888.2265625,"orthographic":false}